<application>
  <component name="GeneralSettings">
    <option name="showTipsOnStartup" value="false" />
  </component>
  <component name="Registry">
    <entry key="ide.firstStartup" value="false" />
    <entry key="ide.require.transaction.for.model.changes" value="false" />
    <entry key="search.everywhere.pattern.checking" value="false" />
    <entry key="actionSystem.fix.alt.gr" value="false" />
    <entry key="parameter.info.max.visible.rows" value="10" />
    <entry key="performance.watcher.sampling.interval.ms" value="100" />
    <entry key="performance.watcher.unresponsive.interval.ms" value="500" />
    <entry key="ide.mac.allowDarkWindowDecorations" value="true" />
    <entry key="rider.enable.designer.winForms" value="false" />
  </component>
</application>