<application>
  <component name="ProjectManager">
    <defaultProject>
      <component name="CompilerConfiguration">
        <resourceExtensions />
        <wildcardResourcePatterns>
          <entry name="!?*.java" />
          <entry name="!?*.form" />
          <entry name="!?*.class" />
          <entry name="!?*.groovy" />
          <entry name="!?*.scala" />
          <entry name="!?*.flex" />
          <entry name="!?*.kt" />
          <entry name="!?*.clj" />
          <entry name="!?*.aj" />
        </wildcardResourcePatterns>
        <annotationProcessing>
          <profile default="true" name="Default" enabled="false">
            <processorPath useClasspath="true" />
          </profile>
        </annotationProcessing>
      </component>
      <component name="Encoding">
        <file url="PROJECT" charset="UTF-8" />
      </component>
      <component name="ProjectInspectionProfilesVisibleTreeState">
        <entry key="Project Default">
          <profile-state>
            <expanded-state>
              <State>
                <id />
              </State>
              <State>
                <id>Abstraction issuesJava</id>
              </State>
              <State>
                <id>Android Lint</id>
              </State>
              <State>
                <id>Annotations verifyingGroovy</id>
              </State>
              <State>
                <id>Assignment issuesJava</id>
              </State>
              <State>
                <id>C/C++</id>
              </State>
              <State>
                <id>Class metricsJava</id>
              </State>
              <State>
                <id>Class structureJava</id>
              </State>
              <State>
                <id>Cloning issuesJava</id>
              </State>
              <State>
                <id>Code maturity issuesJava</id>
              </State>
              <State>
                <id>Code style issuesJava</id>
              </State>
              <State>
                <id>Concurrency annotation issuesJava</id>
              </State>
              <State>
                <id>Control flow issuesJava</id>
              </State>
              <State>
                <id>Data flow issuesJava</id>
              </State>
              <State>
                <id>Declaration redundancyGroovy</id>
              </State>
              <State>
                <id>Declaration redundancyJava</id>
              </State>
              <State>
                <id>DeclarationGroovy</id>
              </State>
              <State>
                <id>Dependency issuesJava</id>
              </State>
              <State>
                <id>Encapsulation issuesJava</id>
              </State>
              <State>
                <id>Error handlingJava</id>
              </State>
              <State>
                <id>Finalization issuesJava</id>
              </State>
              <State>
                <id>FunctionsC/C++</id>
              </State>
              <State>
                <id>General</id>
              </State>
              <State>
                <id>Google Cloud Endpoints</id>
              </State>
              <State>
                <id>Groovy</id>
              </State>
              <State>
                <id>ImportsJava</id>
              </State>
              <State>
                <id>Inheritance issuesJava</id>
              </State>
              <State>
                <id>Initialization issuesJava</id>
              </State>
              <State>
                <id>Internationalization issues</id>
              </State>
              <State>
                <id>Internationalization issuesJava</id>
              </State>
              <State>
                <id>J2ME issuesJava</id>
              </State>
              <State>
                <id>JUnit issues</id>
              </State>
              <State>
                <id>JUnit issuesJava</id>
              </State>
              <State>
                <id>Java</id>
              </State>
              <State>
                <id>Java language level issuesJava</id>
              </State>
              <State>
                <id>Java language level migration aidsJava</id>
              </State>
              <State>
                <id>JavaBeans issuesJava</id>
              </State>
              <State>
                <id>Javadoc issuesJava</id>
              </State>
              <State>
                <id>Logging issuesJava</id>
              </State>
              <State>
                <id>Memory issuesJava</id>
              </State>
              <State>
                <id>Method MetricsGroovy</id>
              </State>
              <State>
                <id>Method metricsJava</id>
              </State>
              <State>
                <id>Modularization issuesJava</id>
              </State>
              <State>
                <id>Naming ConventionsGroovy</id>
              </State>
              <State>
                <id>Naming conventionsJava</id>
              </State>
              <State>
                <id>Numeric issuesJava</id>
              </State>
              <State>
                <id>Packaging issuesJava</id>
              </State>
              <State>
                <id>Pattern Validation</id>
              </State>
              <State>
                <id>Performance issuesJava</id>
              </State>
              <State>
                <id>Portability issuesJava</id>
              </State>
              <State>
                <id>Potentially confusing code constructsGroovy</id>
              </State>
              <State>
                <id>Probable bugsGroovy</id>
              </State>
              <State>
                <id>Probable bugsJava</id>
              </State>
              <State>
                <id>Resource management issuesJava</id>
              </State>
              <State>
                <id>Security issuesJava</id>
              </State>
              <State>
                <id>Serialization issuesJava</id>
              </State>
              <State>
                <id>TestNG</id>
              </State>
              <State>
                <id>Threading issuesJava</id>
              </State>
              <State>
                <id>Type checksC/C++</id>
              </State>
              <State>
                <id>Visibility issuesJava</id>
              </State>
              <State>
                <id>XML</id>
              </State>
              <State>
                <id>toString() issuesJava</id>
              </State>
            </expanded-state>
          </profile-state>
        </entry>
      </component>
      <component name="ProjectLevelVcsManager" settingsEditedManually="false">
        <OptionsSetting value="true" id="Add" />
        <OptionsSetting value="true" id="Remove" />
        <OptionsSetting value="true" id="Checkout" />
        <OptionsSetting value="true" id="Update" />
        <OptionsSetting value="true" id="Status" />
        <OptionsSetting value="true" id="Edit" />
        <ConfirmationsSetting value="0" id="Add" />
        <ConfirmationsSetting value="0" id="Remove" />
      </component>
      <component name="ProjectRootManager" version="2" languageLevel="JDK_1_6" default="true" assert-keyword="true" jdk-15="true" />
      <component name="PropertiesComponent">
        <property name="settings.editor.selected.configurable" value="fileTemplates" />
        <property name="settings.editor.splitter.proportion" value="0.2" />
        <property name="android.project.structure.last.selected" value="SDK Location" />
        <property name="android.project.structure.proportion" value="0.15" />
      </component>
      <component name="RunManager">
        <configuration default="true" type="Application" factoryName="Application">
          <extension name="coverage" enabled="false" merge="false" sample_coverage="true" runner="idea" />
          <option name="MAIN_CLASS_NAME" />
          <option name="VM_PARAMETERS" />
          <option name="PROGRAM_PARAMETERS" />
          <option name="WORKING_DIRECTORY" value="$PROJECT_DIR$" />
          <option name="ALTERNATIVE_JRE_PATH_ENABLED" value="false" />
          <option name="ALTERNATIVE_JRE_PATH" />
          <option name="ENABLE_SWING_INSPECTOR" value="false" />
          <option name="ENV_VARIABLES" />
          <option name="PASS_PARENT_ENVS" value="true" />
          <module name="" />
          <envs />
          <method />
        </configuration>
        <configuration default="true" type="JUnit" factoryName="JUnit">
          <extension name="coverage" enabled="false" merge="false" sample_coverage="true" runner="idea" />
          <module name="" />
          <option name="ALTERNATIVE_JRE_PATH_ENABLED" value="false" />
          <option name="ALTERNATIVE_JRE_PATH" />
          <option name="PACKAGE_NAME" />
          <option name="MAIN_CLASS_NAME" />
          <option name="METHOD_NAME" />
          <option name="TEST_OBJECT" value="class" />
          <option name="VM_PARAMETERS" value="-ea" />
          <option name="PARAMETERS" />
          <option name="WORKING_DIRECTORY" value="$MODULE_DIR$" />
          <option name="ENV_VARIABLES" />
          <option name="PASS_PARENT_ENVS" value="true" />
          <option name="TEST_SEARCH_SCOPE">
            <value defaultName="singleModule" />
          </option>
          <envs />
          <patterns />
          <method />
        </configuration>
        <configuration default="true" type="Remote" factoryName="Remote">
          <option name="USE_SOCKET_TRANSPORT" value="true" />
          <option name="SERVER_MODE" value="false" />
          <option name="SHMEM_ADDRESS" value="javadebug" />
          <option name="HOST" value="localhost" />
          <option name="PORT" value="5005" />
          <method />
        </configuration>
        <configuration default="true" type="TestNG" factoryName="TestNG">
          <extension name="coverage" enabled="false" merge="false" sample_coverage="true" runner="idea" />
          <module name="" />
          <option name="ALTERNATIVE_JRE_PATH_ENABLED" value="false" />
          <option name="ALTERNATIVE_JRE_PATH" />
          <option name="SUITE_NAME" />
          <option name="PACKAGE_NAME" />
          <option name="MAIN_CLASS_NAME" />
          <option name="METHOD_NAME" />
          <option name="GROUP_NAME" />
          <option name="TEST_OBJECT" value="CLASS" />
          <option name="VM_PARAMETERS" value="-ea" />
          <option name="PARAMETERS" />
          <option name="WORKING_DIRECTORY" value="$PROJECT_DIR$" />
          <option name="OUTPUT_DIRECTORY" />
          <option name="ANNOTATION_TYPE" />
          <option name="ENV_VARIABLES" />
          <option name="PASS_PARENT_ENVS" value="true" />
          <option name="TEST_SEARCH_SCOPE">
            <value defaultName="singleModule" />
          </option>
          <option name="USE_DEFAULT_REPORTERS" value="false" />
          <option name="PROPERTIES_FILE" />
          <envs />
          <properties />
          <listeners />
          <method />
        </configuration>
        <configuration name="&lt;template&gt;" type="Applet" default="true" selected="false">
          <option name="MAIN_CLASS_NAME" />
          <option name="HTML_FILE_NAME" />
          <option name="HTML_USED" value="false" />
          <option name="WIDTH" value="400" />
          <option name="HEIGHT" value="300" />
          <option name="POLICY_FILE" value="$APPLICATION_HOME_DIR$/bin/appletviewer.policy" />
          <option name="VM_PARAMETERS" />
        </configuration>
        <configuration name="&lt;template&gt;" type="#org.jetbrains.idea.devkit.run.PluginConfigurationType" default="true" selected="false">
          <option name="VM_PARAMETERS" value="-Xmx512m -Xms256m -XX:MaxPermSize=250m -ea" />
        </configuration>
      </component>
      <component name="SvnConfiguration">
        <configuration>$USER_HOME$/.subversion</configuration>
      </component>
      <component name="VcsContentAnnotationSettings">
        <option name="myLimit" value="2678400000" />
      </component>
      <component name="masterDetails">
        <states>
          <state key="ScopeChooserConfigurable.UI">
            <settings>
              <splitter-proportions>
                <option name="proportions">
                  <list>
                    <option value="0.2" />
                  </list>
                </option>
              </splitter-proportions>
            </settings>
          </state>
        </states>
      </component>
    </defaultProject>
  </component>
</application>